Homer Simpson,I hope I didn't brain my damage.
Homer Simpson,I hope I didn't brain my damage.
Homer Simpson,"In theory, Communism works! In theory."
Homer Simpson,"In theory, Communism works! In theory."
Homer Simpson,I believe the children are the future... Unless we stop them now!
Homer Simpson,I believe the children are the future... Unless we stop them now!
Homer Simpson,I believe the children are the future... Unless we stop them now!
Homer Simpson,I believe the children are the future... Unless we stop them now!
Homer Simpson,I believe the children are the future... Unless we stop them now!
Homer Simpson,I believe the children are the future... Unless we stop them now!
Homer Simpson,I believe the children are the future... Unless we stop them now!
Homer Simpson,I believe the children are the future... Unless we stop them now!
